Value1, Value2
0.23800969619397278, -0.3091281089055454
1.0828197830192208, -0.7584085076423864
-0.26471345436112204, -0.1891085267140704
-0.2991995014848779, -0.9041357212062574
0.07158399665959371, -0.9606463062641131
0.006188477322815959, 0.8266328867191292
-0.9736064051140394, -0.13888390782154525
0.5193586896334258, -0.3865530575330659
-0.6820483277985698, -0.017868542150659257
-0.08081496340721857, -1.0798364732414536
-0.5186790466917116, -0.19793902376029693
0.5372640866470739, -0.2875286012881596
0.9477914965737613, 0.3197498073667127
-0.34210709352425717, -0.28901877065446907
-0.04460962544903179, -0.16846875214050971
-0.6306893038815415, -0.7299185797962343
0.3262432149677696, 0.34911335649109526
0.6909202113729943, -0.02429483409067658
-0.24001833947629928, 0.7019280542710838
-0.8622629943120572, 0.6138287535012368
1.5233589523952349, 0.6356013608491841
-0.5085561950969284, -0.37461298066455634
-0.39759841318273353, -0.3255516885265204
0.41808519878669503, 0.6293705895240279
0.9220678025839011, 1.15717715911967
-0.5078616082486374, 0.07647145147193632
0.18946899883267693, -0.10425076553367242
0.24256881900301647, 0.4564070525802304
-0.10649485687151208, 0.29997224160895225
0.16062684173733127, 0.8242145396996031
-0.1925598663975434, 0.5376743434693492
0.43395188755659253, -0.3793938835382697
0.108222448668371, 0.05893942632698822
-0.6705915384013339, 1.5146312027885933
0.03678629982843376, -0.059367709630975055
0.36840886018554325, -0.5962528275319235
-1.0338851862511431, -1.3462478121559442
-0.9070472280764245, -0.6855087556221904
0.7110397081380123, -1.4355611011056004
0.24373523135283204, 0.6548407532004441
0.8056151127355875, 0.10072238057904745
0.6839542294022694, -0.09778869591090221
0.1273296081487654, 0.20092947128466895
1.0198135780249191, 0.2623350749826292
-0.010276445417045076, 0.7022021690587666
0.6870241615383264, -1.1519359790534638
-1.0333023063816023, 0.10011738542933424
-0.5396103226363292, -0.8282612620282785
-1.4144826920508107, 1.3814100481232143
0.41169859727808134, -0.02369686530414935
0.10315251985734238, 0.6777698773007563
0.22852929893946886, 0.2884537249458444
0.11104780599119389, 1.6821513522109404
-0.28837547657340146, -0.6938014628438118
-0.5504775555049718, 1.044902627516242
-0.2782383667793038, 0.12686664269528444
0.7436018657663493, 0.20303278207436812
-1.216162995526469, 1.2375950400756954
0.053316889695683996, -0.29294542577492577
-0.764791253835443, 0.23162698760252007
-0.6611960016549561, 0.8527418055754161
1.170737939896383, 0.665991073521539
-0.454243196663284, 0.8475879188564217
0.3579207391225031, 0.16045747808861036
-0.032078550026751806, -0.06823543650438672
0.1829787680638689, -0.24223004639380236
0.03819782955223858, -0.18580328826975206
-0.027489651606956787, 1.498201824554232
0.1800022582399201, 1.0297888389515075
0.33743488776439323, -0.0981516301627796
-1.7453144055045116, 0.09277216716245267
-0.8236676295038786, 0.5885158197834479
-0.2525687485213192, 0.8978066410626659
0.9496335551893513, 0.6519341756949653
-0.020816055863662287, 0.9517740330190915
-0.20285406527563726, 1.7255763124488308
0.8225546895703307, -0.34315808669384906
-0.21859452010867544, 0.06822118714850857
0.22955991233402667, 0.19071786770677257
-0.23966546022816101, 0.6936880850082627
-1.583069000868269, -0.6493509481656328
-0.2856160435664939, -0.3575319694615297
-0.13804492269795623, -0.37618296999835577
1.7128330682693385, 0.6449409437993937
-0.2702273266372072, -0.3197652409008943
-1.0414394600709196, 0.0029528939657486124
-0.643548850367662, 0.019388432641191836
0.5117265042863536, 0.08841394251485697
-0.1636523930595161, 0.3605637265549411
0.3738974279793512, -1.4476219596625972
-0.7494406194966416, 0.0986145732075309
0.5195458168454643, -0.6304929999106255
0.6776529679611637, 0.1225004091783382
1.3235321965000975, 1.1982366813153444
-0.2509974535759649, 0.6469116313058912
-0.3800579324023003, -0.3034071717164861
-0.23403076468195239, -0.36103431651982515
-0.32213722340124945, -1.0475604940658851
0.3986490082816573, 0.2798931476905898
-0.3166662850010992, -0.028899396386602546
0.7402994584808273, 0.6315787546935319
-0.18647921917374122, 0.7200433992052006
0.030532014273759744, 0.7187766124435427
-0.26322424112925075, 0.4332293436590067
-0.936340174272587, 0.43708601952414833
0.2530506076513244, 0.4163160513698238
-0.3703376750677249, -0.40796420367522446
0.5316752065207204, 2.1782894001132633
0.6852877444943728, 0.7482630009166088
0.7540989638900396, 0.6411122680182503
0.3373531464497048, -0.28923950294316103
0.18083470935719156, -0.8239245702034209
-0.40540969286164275, -0.5792476628443997
-0.29377323863028004, 0.46824797440595156
0.17408532397452525, 0.12202939279767225
0.009772039188024023, 0.1353594702866207
0.1154234886839584, 0.34722397708754277
-0.15056413782513423, -0.42442272323394004
0.6869313990249825, -0.028104279792717485
0.6958133170890052, -0.060160789553926404
-0.08658481195388304, 0.24628414734641033
0.6918582205196605, -0.889466830760052
-0.10413645617193178, -1.121184879694822
0.1212654733215343, -0.03474829641133196
0.3932916413540674, -0.4019276425763801
-0.9150047567140958, -0.8945645763303731
-0.261177541161734, -0.47802287502852436
-0.6017810960742952, -0.9671926896714907
0.33914901128275016, -0.4640619563152691
0.6565366953352375, -0.7336734922294379
-1.183911607767994, 0.3368506291689612
-0.42049827843910653, 1.0298051739975673
-0.19331775736808626, 0.32923336857463903
-0.09371197657904652, 0.9230949965492641
0.4493723036321485, -0.6935715376092366
0.16493825404006462, 0.21908293202513496
-0.44214362497991877, 1.1204606184999946
0.5629871935928995, 1.2860949549903837
-0.7733536279866188, -1.0543727056089995
0.41996386655333223, -0.5575129982581052
-0.6198217865059538, -0.4154115525423981
0.7015294927107492, -0.1534068620937132
-0.4274700512450441, -0.5239808077242283
-0.42405060711070086, -0.3108507144667944
-0.22603790283265776, 0.4542178554932394
0.3305491647841009, 0.2498798682945841
1.3609918164910424, 0.8691810853160278
-1.1062642484362926, 0.4571313496132456
-0.3817982314476659, -0.7305948771793566
0.6919873482876423, 0.4126297047880056
0.1527894663504985, -1.3442475889435803
0.10768356360522727, -0.7185104841249179
0.6017813662358868, -0.5998457179515897
-0.3129864218235164, 0.05988794277467012
-0.023777250585261776, -0.36449398234544006
-0.0058379178747242945, 0.7653926156144178
-0.883304563033262, 0.08980874096340077
0.5813708591164325, -0.08290637524729083
-0.09544752522002811, 0.025711833163535928
0.0022838618063948947, 0.7776237709779875
0.9436874571612103, -0.297057837148979
0.23122796642439739, -0.6192699323955694
0.3451699377521302, -0.35287256682217083
-0.1614369833378751, -0.3016131530241955
1.0371260893575478, -0.6578075897864364
0.4688632663045417, 0.924994463253226
0.47027269180094394, 0.05924195625660258
0.09786734625871708, 0.19883167671207055
0.8865992453657071, 0.701960873001558
0.5117649729069059, -1.0970975171516724
0.1290350323455908, 0.45877825550353524
-0.6896627501136787, -0.4738902990651347
-0.054738063874277335, -0.6288051338217733
0.8807035359762817, -0.08295183504002762
1.2629506343935364, -0.9251794333347797
-0.07578924996519801, -0.6371552572283888
0.08638539704165432, 0.8292890547247387
0.7091158634677791, 0.027253873997008803
0.9615071379716864, -1.2521283117121607
0.39503640386968664, -0.3929331378226404
0.49449144716495896, 0.9011401539586733
-0.9676468598621829, -1.1169588219776223
-0.3200628311547144, -0.13720416264801819
1.0061293738689092, 1.267329973219076
-0.056463136957854994, -0.34432770015341063
-0.10794029767811916, 0.22845466901778
-0.5932782671448424, 0.4288512037288205
0.22564698333687427, 0.519998693809253
1.2368916393694809, 0.466510183819527
-0.3798820629526047, 0.43120718795976204
0.557169681096957, -0.5462441397028286
0.49715826018639886, -0.4948773183202733
-0.2528986087953891, 0.2317348905391039
0.7678192365342392, 0.37056570611684786
-0.13820454327598974, -0.328958484439601
-0.8463999597571724, 0.7334125075699726
0.02154230670117547, -0.30617050903117043
0.18340205915172694, -0.3614968656452536
0.14767563851689766, 0.7808300546636507
-0.12791609653985536, -0.21220360750042733
0.5522960716124549, -0.28433656811215985
0.764254771574847, -0.6798749841056209
0.4024881346849957, -0.7767131018426655
-0.17685424349224121, -0.20115520722017022
-0.5366152204841718, 1.1183698009658227
-0.2063262370358358, -0.1494522105832523
-1.5173533474003669, -0.6772729882870397
-1.0857147800066274, 0.0006911602971810631
0.353477382811687, -0.05967743458792569
0.30333291278224167, -0.1805717123923203
-0.24845116564133274, -0.44317469449655617
1.407931039031411, 1.111573248335856
-0.18313630864076172, 0.46948517987053023
-0.05742410968276626, 0.21460217978951973
0.06122645828449173, 0.035862962476674004
-0.3111359923760742, 0.1494363039900384
-0.7056188741805552, -0.26093385842494304
-0.47657720123454467, 0.5541053254585524
-1.167827493931044, -0.9271679445209725
1.3917444904740626, -1.1454989549355707
0.8165906939921767, 1.1907511237291506
0.07792552793076471, -0.07918380231302256
1.00973331204759, -0.06801555480527653
-0.26121481035072874, -1.1451249582239154
-0.3895172956230174, 0.23851904500231666
-1.0133340670801723, 0.6001865930315007
0.2963056155093965, -0.18595513509592096
-0.1388399488040439, -0.42909147263568176
0.6920793884472661, -0.005614704812036485
-0.27337577405107555, -1.0757839611499185
0.6421363019973524, -1.2897042872366566
0.2501944569288859, 0.5896751197224107
0.7692864572969362, 0.18199554298773762
0.22521815388976693, -0.7981997760720393
-0.5561316490650199, -0.30672704471305207
0.16549221227117458, 0.7712904509899546
0.6864692712061182, -1.2986061708787768
0.12063179396623157, -0.42818104614701763
0.6309642631616997, -1.0925907762638822
0.304233053958411, 1.8644423249668016
-0.32483447373256175, -0.09144322319332328
-0.7238866729078437, -0.8994893311803528
-0.8000867354544372, 0.17768280336983502
-0.0453689993858359, -1.298157345624239
0.19608715310740918, -0.5140889011050596
0.4845876287553154, 0.17542890236774017
-0.1694689604816774, -1.0483783476072537
-0.4116417148715746, -0.13371458973596986
1.7093835934466122, 1.1502019163147625
0.44565201887187217, 0.2710815981026115
0.016661644772048758, -0.26346600104429146
0.4887664780264277, -1.558128778975726
-0.27712029271521377, -0.16897292403248976
0.7553211881871945, -0.5327613703403856
-1.327639974807065, -1.3398103631314773
1.5642880660920082, -0.08599156693533858
-0.058620138506179836, -0.1349758178896357
0.6276109585797877, -0.9100992528315928
0.08813285875101112, 0.24506549575352968
1.3536615313204667, 0.26018101591894816
0.2612953168718748, 0.7506342715680536
1.5091515717792519, 0.07060082060245344
-1.579660212535558, 0.055948254324534846
-0.6871900184528779, 0.6890361413902569
-0.5504539511264426, -0.5068159469325245
-0.5254869436106004, 0.5146316965605618
0.32067563958630635, -0.7509526950745695
0.9334403171667396, -1.0896524909061407
-1.274154466610017, 0.701226351683038
-0.5815022389557605, -0.6166523139820747
-0.5906441580117521, -0.5231207463321423
-0.38313888541359276, -0.1253937793618685
1.3974388419610992, 0.18996977976810617
-0.7817016395907851, -0.16588146871734835
0.4443265470863726, -0.4522991290129808
-0.6717815578072214, 1.0730330088715567
-0.2467013439804283, 0.7870217813922907
-0.2899707579477688, 0.38433200365136266
-0.13514783207012124, 0.3201069127343379
1.5670343956206216, 0.20589183863596816
0.8268628278333731, 0.329956664508922
-0.11280103696369463, 1.4160367722014633
-0.2484092385816812, 1.026307899191367
0.29743343805024863, 0.15383620868580009
-0.6014843396404587, 0.6655664444785168
1.882982761058752, -0.2590360899941915
-1.0134952872276324, 0.08062168171173843
-0.1645387100630626, -0.39874754581511795
-0.4430345131537434, -0.6186871833353106
0.2315544337478317, 0.7354371694136352
-0.5473426782863717, 1.1502161645561482
-0.037255412627246756, 0.3705388802458132
-0.6813891985972187, 0.9122943668753665
-0.6795243175214813, -0.1779235823648129
0.4848733466984898, 0.49134054282540823
0.7897346290446733, 1.0630564020713233
-0.5844554609754409, -0.6814677614836763
-0.052991884814520634, -1.0331190026171027
-0.8304997029333889, 0.59436397311797
0.36744863460812704, -0.02660202435862665
1.3013806088772606, 0.9124549520375691
0.8072062447508411, 0.36050301608802987
0.21932170691519157, -0.31746023937742485
0.6170696074014523, -0.4744529422503753
-0.12712337548194572, 0.49641372022692776
-0.06468735369152323, -0.5870417672525863
-0.06601585952233167, 0.06886366422399758
1.2305980328923973, -1.023650876398966
0.2513229088718801, 0.1658327426822611
0.7808984699355955, 0.07755238912940708
0.23734409815431254, -0.3414495609740613
0.2630064388025776, 0.20490134781116956
-0.9072396143973874, 0.7211212555605294
0.02763543086119443, 0.062103437267668836
-0.8477862329036724, 0.05289111873328895
0.3061186251427645, -0.14647294499353133
0.03662507660747524, -0.11423088995129538
-1.5762889517691192, -0.07803424982331031
-0.5622185248135364, -0.2587577301395616
0.7689619860569878, 0.7740739532614155
0.05876014586619543, -0.32780009855884773
-0.489435010118929, -0.15155426533678854
1.0936884429020435, 0.4533621707490607
-1.3230738768711459, 0.21738174128977444
-1.584699735081504, -0.2600582992006075
-2.7813817848656877, -0.03977462164503996
0.24163009188416612, 1.0757504272191127
-0.23023271343239426, -0.873638548691986
-0.3148405090170117, 1.1014914758068017
-0.4983990142353225, 0.7523090712320738
1.0398551935100329, 0.6556075423961517
0.4315866272287416, -0.2121039908731337
-0.5575757184062137, 0.01821969059555827
-1.1137220454726944, -0.0744459854765086
0.7789708769320589, 0.2758332460013377
0.21254161357733026, 0.044226867072636546
-1.6786053873778348, -0.5580138487633532
0.30200599198651, -0.5443839676876185
-0.9873369196761383, 0.45934543425602153
-0.7758107650245387, -0.39167613204143453
0.31240774867142745, -0.25458110059467687
1.058205285274879, 0.45040826090392094
-0.012220778656261913, -0.21011759495180524
0.08347259284286457, -0.055447063419366775
0.7068944723121049, -0.5123296381981018
-0.21701097747337575, -1.016169253083801
0.3895933520895107, 0.9972841102970206
0.4774597647429042, -0.1277362517170262
-0.023112565491811798, 0.7555651665379391
0.43569678433870507, 1.0097593735071801
1.226586297810672, -0.07831383459614213
0.00754739581108259, 0.08088845602836649
0.5955545206022795, -0.4430438523434232
-0.686410467002466, 0.6853479121372832
0.25285651769929646, -0.3695976095264004
-0.3463736819257754, 0.45485252513462393
-0.18604105442551772, -0.194809975929243
-0.37231070217113904, -0.5596547778864458
-1.5448321509665806, 0.518942618863674
1.0063462329513733, -0.17032414427119486
0.14387706617660426, -0.20644709759197305
-0.29628416712898137, 0.1389787586454104
1.1529468800203855, 0.972993152897637
-0.2886283682251266, 0.8798408928514382
0.4655579774693277, 0.11263926740100548
0.7539754913357247, 0.15560259860266537
-0.909289361863212, -0.5002663786632644
-1.5020923284842642, -0.875637027454378
-0.09936743706235149, -0.585095560329162
0.9457762337376515, 0.4334377168030267
1.5307182556904149, 0.21587356197533883
-0.26198252434275887, -0.08027987795584458
-0.8466933022225995, -1.5633205044626592
0.2227803184083991, 1.2029195089490585
0.5136380098324601, 0.6756780865199954
-0.15054463637791612, 0.8899602238882174
0.36298164843169817, -1.6878746597276482
0.14601122113836992, 0.3155342339018407
0.36616886179472524, 0.8115904517068194
-0.04685003752322316, -0.059537839058907166
0.2594773115095324, -0.09032419745441364
-0.038654582272130665, -0.8548934769772737
-0.7114799874251674, 0.03865106586826972
-0.6873025728634335, 0.4651130165527888
0.4974521182398115, 1.4362165867144356
-0.7048774059411177, 0.6981548873850972
-0.16203580158789013, 1.8194419729919982
-0.004422648149393206, 0.35389762813446846
1.1605826833274147, 0.3412494716927423
-0.8851677523844692, 0.10052907158261593
0.08834982634744888, -0.1393816077671732
0.39524407480479673, -0.04636400723102092
0.13514939250232771, 0.8897678453414983
0.31109467165479177, 0.5641422562945912
-0.20421336156812633, 0.5359507498544583
0.25388345626604686, 0.05054151606709084
-0.8066439446214207, -1.6305267895114486
0.5703944442222223, -0.9852019929116449
0.45107617677724615, 0.17024266343464414
0.8570883197381657, 0.8134361491695167
-0.05688994956887441, 0.6065994908527007
0.291659497606481, -0.3262216419153018
-0.2955871918746265, -0.5016420232261766
-0.7262380537597243, 0.9183929442303539
0.3879142123686471, -0.24468065158950544
-1.5734840912176822, -1.3002401261201337
-1.163157418952962, -1.430107336236116
-0.44073397802946307, -0.15707324297605538
1.1590521119248562, -0.2617534755298026
-0.3602006400021454, -0.17795559245140996
-0.7820841418226989, 0.21492298489002876
0.22064156807582153, 0.636816557034078
0.07480469725448645, 0.540120308073698
0.7200080987573971, 0.7533683847671044
-0.22724159312835435, -0.20532921287142822
-0.11718876953040497, -0.7178110200052689
1.1292190985756134, -0.253549568922802
0.19947435717770187, 0.054968394696650186
0.10861227884059527, 0.19625704560873447
-0.1000731478204087, -0.15707145675237294
0.17666441145529582, -1.1982442808923348
-0.481368408331118, 0.39768518741723496
-0.5950330736010557, 1.1408033864108325
0.19917565460884243, 0.07158447176770281
-0.36679319498301793, -0.38688380567283126
0.6523190466265614, 0.2463092026316995
-1.5568214336209325, 0.4777167927262439
-0.562850264428898, 0.16419754004718232
0.19771397564113996, -0.8525800801936871
0.4735059387621793, 0.339082959400919
0.47442292222645754, -1.359746100185987
1.2562197156904595, 1.1951234126375112
-0.10538125929666792, 0.5700424035804317
0.7659464550633972, 0.348471017362534
0.22796822193718452, 0.47670013470011807
0.2613453006658926, -0.40701527418300026
0.4017173793024369, 0.3413014356847559
-1.2720857212659562, -0.4983172915949917
0.6064635023722562, -0.35662481272085944
-0.5763053918779656, 1.1627211527043504
-0.31101672420539755, 0.7141875877741318
-0.6216564465940454, -0.4282995518696435
-0.23941313100063885, 1.2409658174551905
1.3367583577394864, 0.013371914716353107
0.17840640941379848, -0.46529114571376146
0.7291519825897058, 0.9813231208368922
-0.8380352589234257, 0.9657900348128202
0.6878183876936225, -0.5119334723969432
0.36601736459425327, 0.3294935258314487
-0.1325266994516984, -0.3144540365559982
0.3123444820522255, 0.8620046076567615
-0.48517604442831674, 0.22083622344986764
-0.5328980007993797, -0.21595600586089095
0.653702812987675, 0.46322083297750677
0.41341421001051465, 0.6165561924264453
0.024014597401969748, 0.5737729516343075
-0.8246957100159497, -0.14175068006457137
0.288020608551165, 0.3704950772163135
-0.1860890484488039, -0.521755123765859
0.743878441354293, -0.45705112722000013
-0.6616595495172239, -0.21839869839138565
0.23579938359238617, -0.2565619805010456
0.21003446838507742, -0.10601664017489527
0.6720844765504239, -0.21741004364506158
-1.1327329796269883, -0.9653875632193529
-0.33360195749650096, -0.8374588604971497
-1.0865162354817517, -0.44794869256186076
0.5061697226566487, -0.411647789407861
-0.2200237809235354, -0.3130620899528779
-1.1381839154401894, 0.13749407367668495
0.3644562292123243, 0.6653376102671433
0.867375662939312, -0.8040794903787827
0.3435143299138157, 0.3417912841791682
0.13960920852467817, 0.8301435824197829
-0.23573405286185364, 0.44479863971529443
0.4887553985411927, -0.2525661732640317
-0.6333274921022946, -1.0902369216152452
0.7964165518257172, -1.560478101775433
1.4623319086950444, -0.13884667302024353
1.1331875679619723, 0.5161180726556717
0.15514366064082574, 1.4462731292548636
-0.8139800507275776, 0.18532994395474675
0.47844030977680074, 0.14661740650098443
0.6410137449314681, -0.3167841421882264
0.40444605422675567, -0.09264956359043815
0.44208042456932983, 0.655434981306481
0.2030786211459988, 1.2967938154691894
-0.44974586377436115, 0.041540435376319754
-0.4741070299993305, -0.2683641905053366
0.9010585400699832, -1.0494590593398494
0.42095794574076667, -0.9734416042902716
-0.24178812714636133, -0.2844589054892263
0.6701979541980206, 0.1693576315405707
0.5803136511156225, 0.5548996721490091
0.3320530531451255, 1.1139636089195448
-0.5522760811032977, -0.2283661075082609
-1.4271026121954258, -0.43827324129842155
0.08355838200832744, -0.7152671278478724
-0.5165602420989531, 0.013346715512635632
0.12034314814078353, 1.1954953737451872
-0.654143038659155, 0.5124304055680408
1.122790483990135, 0.5001614412618411
1.6863825871827738, 0.5252566837371077
0.8409387765241896, -0.47236787731143415
0.7387825335645789, 0.8601854244276882
-1.336703117802978, -0.7989060609268277
-0.46078222909691674, 0.35920331273187883
-0.858876701504554, -0.30537326770330253
0.33092479519892737, -1.2393845035806665
0.5997067289708005, -0.22149541738575898
0.668461189866802, -0.47597953978956925
1.8617625978159547, 0.45486835994099506
-0.44846952199691587, 1.1179420436003904
-0.5752281160793778, -0.3963334824376787
-0.4984443314499953, 0.04681012064748522
-1.166376656578362, -0.26597082180183673
-0.25377224220542743, -0.25073197330542896
-0.45671756020802545, -1.2467031909760662
0.7547317616043291, -0.4565299993237422
-0.9941731002638166, 0.32435292822363254
0.20786276779366591, 1.3239902453376122
-0.002387114635253636, -0.4127950737298824
0.8965677269577672, 0.9749347368482563
-0.29123771727176984, -0.014169012855007776
0.8861607770571311, 1.090470677339569
-0.3137076548887455, -0.3782900597450737
0.7766266626286562, 0.4098988983204081
0.41475982584893106, 0.18353742131536244
0.7947316070580234, -0.02687086291218915
1.2780324943384451, 0.2826319394301415
-0.6117814323828159, 0.020739958237674164
0.8487441537859691, -0.7094460583566113
0.2544009972248393, -0.63233765321657
-0.1832777816206603, 0.7556107165345748
0.5949854283550627, -1.093720469560309
0.08669952525502297, 0.11935468101616041
-0.07965579110938348, -0.6545763314836603
0.8108820309276451, -1.400706029214516
-0.028015362420451294, -0.43557636293884355
-0.4138410111114252, 1.0412135671507012
-1.3362114414915414, -0.049278665057758
0.2517172365777893, -0.14334443997655427
1.0075228177131963, -1.376046527466594
0.05043273996187346, -0.9106087575523715
0.4344822205026618, 0.045412219011110574
0.7731363796130628, -0.21627568751018825
0.8020295392473821, -1.0874006779006666
-0.2578802025081397, 0.3260805175164493
-0.6537401326559314, 0.7948473411956308
0.39872303063632375, -0.08452486612727715
0.7889825300666355, 0.2514654473654588
0.4766414026079548, -0.8146169119633172
0.45329250584296243, -1.2110443333401877
-0.49585000837973736, 0.3215110717255506
-0.7739783568590874, -0.2558233825631175
0.059921619688245435, -0.028636131428569668
0.785840283458516, -0.9385251935587019
0.3633415764295541, 0.7665723434040311
-0.727375360630036, -0.8619397238870447
0.35592671721928076, -0.048124725457411935
-0.21408552314319887, 0.49956667266027055
0.11603132963545992, 0.6832838062747563
1.2639156034889367, 0.18805052530013402
-1.3539679196468368, -0.3833882113028903
-0.5214913779711254, 0.01800473053557335
0.8257625695890416, 0.29642733734873156
-0.028420471597136444, 0.10916208110401815
-0.601313020119813, -0.8386156601826793
0.12105859710018409, -0.3733656940570396
0.5322442790324905, -1.2452680838464059
0.06536816996912889, -0.5527596094474818
0.0037840474170124897, -0.04440033706251028
-0.5135381017639217, 0.4916585389632363
0.7039649009223389, -0.12324253273556157
0.5051938989308696, 1.0644696310157968
0.12009240509887721, 0.26371778455764716
0.6498213103369822, 1.6789078187733626
-0.6297993685148162, 0.42169865943918655
-0.26036015052258016, -0.26283554695658123
0.8941425813050251, -0.25783858856309994
0.1586684180334605, -0.9517271672087101
-0.8536077980880149, -0.9625153910502459
0.4447329057052826, 0.3289867995284378
-0.16575614178623793, 0.1298114846939579
-0.3733751714118672, 0.1673485892119905
0.9808653682402864, -0.5190678561071433
0.05605781530577417, 0.9547297845330156
0.5745727926842532, -0.028969469519970245
-0.6541785107420743, -0.8535501844455563
-1.3725202019629716, 0.23065970447217973
0.26332674951527735, 0.2951155832721739
-0.33062673346508414, 0.6018849582735792
1.0592390600737596, 0.8389494208981992
-0.6512941184976598, -0.29791719098876535
-0.5228734784688528, 0.44713283718838265
-0.2970078563980458, -0.29026502409468125
-1.3726979260879715, 0.9242504065085775
0.011864098721263969, -0.7545782142503809
0.17387753484737295, -0.19517688033213723
-0.42094333455406235, 0.268768401569187
0.5308162998675009, 0.1967299107275229
-0.5600912710613802, -0.24350294641491102
-0.12073998033537833, -0.8791468107477126
0.4610885105594858, -1.1222995512062388
-0.47157219558751784, -0.16212106688474193
0.8264920482542697, 1.3456382580427115
-0.393803182948786, -0.45432878474212
-0.8449003307506187, -0.8992025063938541
-0.2872607570408933, -0.2655602398740981
1.089938830401257, 0.40827891879662925
1.035543501795354, -0.4656135951655694
-0.4913589972807215, -0.6822916188172676
-0.6944604794200145, 0.046431988501320035
0.22284666383667484, 0.7086232291368343
-0.6899210691560288, -1.1654472387149695
0.2200387575189432, 0.8534851772710746
-1.4893161350885187, 0.07894263967091705
-0.6220203110847342, -0.964128891862376
1.3074640063180476, -0.42629381202886224
-0.5928129315902584, -0.053585447303588045
0.11220006211337519, 0.48307983675662175
1.5245067259497873, -0.5414114091744742
0.9176061475355543, 0.8523020602542032
-0.8063226812368179, -0.028957779621386993
-0.6412852235143688, -1.0394072567395707
0.6697152996183212, 0.837806337486332
-0.12519632334641304, -0.15431633791359825
-1.1509150799430274, -0.5769748333001443
0.1100374629083911, -0.46012495672520975
0.24868377164607167, 0.29744372304943456
-0.5996542978623498, 0.3565558540755248
0.059662391107959185, 0.2523387041028147
-0.008436535643566315, -0.015577590150872638
-0.587837066839765, -0.09053532053883653
-0.18504354261329978, -1.155928879772751
0.5495088903475356, 0.4138556157433915
-0.3382055122712553, -0.2019945200817273
-0.1555108131797471, -0.2832204303076007
1.3516008576528906, 0.019815163782076782
1.0356087251879178, -0.3467064973040006
0.12764878165496196, 0.030935406254815046
0.47830863100181, -0.042802060030873924
-0.32663922130242445, 1.1676025585544956
1.0576732540214657, -1.0884204503138675
-0.3454550652218424, 0.46452038718108696
0.25217744988584273, -0.4171058769909528
-0.2534518346615426, -1.2210807466106623
0.8916068289949391, 0.3895621237270371
-0.33227237467528864, -0.41535586328704305
0.26513575851003335, 0.14386891708957553
-0.17574158860458944, 0.9309268136695529
0.16274535007344507, -0.05162793092538388
0.0904745506862355, 0.4533315685950221
2.1234768364167613, 0.08174298153649938
0.11978935063633818, -1.3003030605061172
0.5576975562423533, -0.2972518877127285
-0.10841888584804393, -0.01785607363135681
0.02373138533785666, 0.32107889389557764
1.085559455130916, -0.3060718214638169
-0.010414085965629944, -0.7524330723234306
-0.6127988920321588, 0.9652801512020871
-0.38574839665421295, 0.19059282072675712
-0.08522241050401166, -0.39735856048845153
0.581116592344012, 0.1508037050119715
-0.23836403239171697, -0.21342617790751198
-0.6875090947750088, -0.24944713452193953
0.5545877150819436, 0.41154473615983217
0.13893691565770547, -0.20422492252847896
0.14668855508418482, 0.1554840247108681
0.434279568600434, 1.1998232756997038
0.1694744556494614, -0.4419584280308173
-0.6804437757806272, 0.38651861676533683
0.5544569288511971, -0.3366683507895241
0.24295428426969753, 0.575061959165727
-0.43119708684927954, -1.2056775749901543
-0.45958982679459626, -0.23259221499390334
-0.5082617868801692, -0.6583096708088177
0.5533293828333837, 0.09665487120625536
-0.4872740130099332, 0.46159034307648605
-0.11714611077150505, -0.06033242285738269
-0.44480321632737085, 1.473560049091471
-0.1193577470409177, 1.4991392284090048
0.32969636788990453, 0.08912805903511896
0.2783201002911631, -0.47633087994910706
-0.21560187667412004, 1.2998777673481061
0.5125838488458041, -0.7380536365269625
-0.22835844697695584, -1.088007031617264
0.6849214022289538, -0.2343582534711866
-0.37796271229756156, 0.023883721731559015
-0.4068070898398329, -1.0097288922190926
-0.2777728211559284, -0.3850704735397392
0.34236714817081687, -0.09696945287349304
-0.509369354489132, 0.6103395557687639
0.2286090806813799, -0.18760985010175082
0.5325874105682096, -0.3990462951648505
-0.016479586554329597, 0.41705772026545884
0.36490259544996523, 0.3835321246159073
0.3201776161574142, 0.30889209559235625
-0.5156940315532426, -0.035676670022113305
-0.2580017842900552, -0.2152325509414688
0.41095785499257137, 0.3826335030931312
-1.7183946853726415, 0.7673012344673281
-0.5612925216142867, 0.9638188945876321
0.17357933801867304, 0.2805217504734025
-0.5678572479360241, -0.485675254359164
-0.6418010169496946, -0.027471564086304745
0.20920420658986139, -0.45584612876252567
0.5076883057843945, 0.7391051123271054
0.049935765248954385, 0.7164675722641113
-0.22811820713428133, -1.118065572592081
-1.2860995034515414, 0.5747186299514278
-0.5635338262367958, -0.23437760263838295
0.2164507215648185, -0.5093928765003773
-0.43271724407335455, 0.2651353800311058
-1.0057139890931872, -0.5154078940392469
0.4594114699907113, 0.3136911412054146
0.8054435568324633, 0.05049636614553262
0.048800680427095726, -0.3154289655803374
0.6460616995202759, 1.2443453922932788
-0.2666017756193737, 0.9565558462273944
-0.46571723337615994, -0.5313187220971041
-0.49744843910354847, -1.0131420242292954
-0.11473898669726813, 0.4545533231758302
-0.9545814507819035, -0.10223123230749527
0.664903050296888, -1.333509702474588
0.12719087787232009, -0.7318931567478514
-1.1913922346127461, 1.3230672388550928
0.3663544538870744, 0.08475109488313984
0.05615922965268585, -0.5418137405315196
1.3662965371327538, 0.31905503507341537
0.5214570889410823, 0.2953153222237412
0.15883250136058877, -0.04824765536651778
-0.4741964322750019, 0.3005131288357059
0.7079226430676853, -0.8344612018276839
0.8661078050570622, -1.062501525600299
-0.21564282072517504, -0.373616985360374
-0.9586718489297449, -0.4487780620364949
-0.19139614347113548, -0.7017582986955502
0.004159195414045468, 0.2069085130870461
0.2643202956583662, 0.14855991193663254
-0.2115871572185055, 0.16418873245567986
-1.1700471419061462, 0.45979020753187444
-0.5509857743779161, 0.022011052842709572
-0.19234074656025826, -0.6152279317562008
-0.10307455574027312, -0.9590381425679084
-0.5820708870030386, 0.6667630346488829
-0.33918526544276506, 0.3679503872224772
-0.7469560703087668, 0.214577774671834
-0.5210941922792298, -0.16593210920494986
0.4415961490249967, 0.8889498723790875
0.10420570809688838, -0.9592672254480207
-0.8632717190134449, -0.3561628925992018
0.6895135003179805, -0.7182494287382305
1.2069482592926875, -1.0878893232834057
-0.36148407625634915, -0.5395283362678303
-0.6955219527516674, -0.40808978628151704
-0.5562191313102613, 0.5010688718567
0.6021974939917729, 0.7949540716442091
1.2352674104131192, 0.2564450899263751
-0.5423404530442926, -0.06188810422556401
0.15637848356974596, 0.3677394021252358
0.4533108789516145, -0.2780111730234821
0.08528568406237613, -0.11043466230753483
-0.4438462833411732, 0.08649824679993877
-1.3941760256197508, 0.434289164925423
-0.8271942792789537, -0.7661519235792086
0.01198050269609249, -0.0016386832863413611
-0.38061874200384477, -0.2868124790796127
-0.5708288205084975, 0.14805475402948035
-0.8282924374702212, 0.81271773069026
0.27376835025871443, 0.08296425673252407
-0.07531696263677728, 1.8107178156448622
-0.26627651736269714, 1.3126579552361244
0.1203001196809081, 0.059038546775531345
-0.6400250367915147, -0.00549819059525779
0.9654599067785413, -0.2988907328702301
1.6263272384103284, 0.3056361365494084
0.3276554001596306, 1.1051443109907575
0.2534487433599917, -1.0971067758895536
0.2126546589396081, 0.9764421416498477
0.2035080715505864, 0.16813751395938265
0.4312475285598845, -1.4887092355541172
0.39386853697707647, 0.9036009482390506
0.10040798967673294, -1.1159408498799963
0.43393490611827773, 0.3140770786666148
0.07539991303565204, -0.7924567328935682
0.46490653607885174, -0.23044861790594817
0.07975611156180841, -0.8426101436306748
-0.2449986285466617, -0.7933726620125772
-0.5443649116444252, -0.9329988499455667
0.6040493391164128, -0.18840237379108232
-0.44111767906608, 0.006567483609360095
0.3526940900462599, 0.4272042291413153
0.2912420468368231, 0.5548994745134292
0.02879522546799357, -1.2352098107448137
0.3173954182415305, -0.3354285903174119
0.9633336074012919, -1.3413810917795461
0.12924940747626265, 0.3741534579142061
0.06710546711635997, -0.1519354529610209
1.281212690125239, -0.937682848918591
-0.22205809101884139, 0.19890096071099342
-1.5324161330743373, -0.29036481083568483
-0.26198031313861214, 1.0295057910860965
0.8238880631824124, -0.4033243423695124
-0.9088122121077133, -0.24763707037612626
0.8943063506035221, 0.0660172060204839
0.5511036230162261, -0.035288117125639874
0.1404939314835043, 0.23968596039422022
-0.9389176620893592, -1.4883420892728587
-1.2887276535579033, 1.11379171882606
-1.4358456585406656, 0.4051574837942594
0.3240927275326971, 0.5135437142284699
0.24517060636916774, 0.490161840425817
0.09313892629760412, 0.7450446937343993
0.6093645510913313, -0.09846103491650753
0.3811479908549884, -0.16790993267073676
-0.5395028650073382, -0.5794184413329055
0.6501957276166612, -0.048160042881442766
0.09299607220551875, -0.04239598035363674
0.6060397273418815, -0.8458033919473376
0.48809723634439356, 0.746326695388005
0.35892990317944024, 0.21067048853421885
0.6782424722313305, -0.11966694006669937
0.24269348219931916, 0.2457743501941412
0.3953000015027228, 0.16603580927243905
-0.3440266247808953, 0.4605286259971348
-0.056925017472368576, -1.0764359922776507
-0.012460889715699808, 0.7834778310552226
-0.09052662051223496, -0.06586423653033355
-0.6215780803289945, 0.1482419761688095
-0.49570192210674663, -0.8726186758125113
0.5646130537715303, 1.8444165529467098
-0.33188720609272726, -0.42030272386649953
0.7530478744571639, -0.19573564754460396
1.2769258900529297, -0.6129562665730823
-0.3601913937064055, -0.29452287494118756
0.7645073678433847, 0.5202920915183774
0.5726347346721055, 0.6659757753522734
0.5208527451479021, -1.0309649741311329
0.1743536829923129, 0.48765650745355055
0.5209152007205965, -0.7455379637606675
0.2309782281027873, -0.28835020486908813
-0.6256348387889423, 0.3045605798982379
-0.014215580802147841, -0.5153789069658133
0.28781300016634664, -0.24878832782271637
0.8292334418048328, 0.9535240114319847
-0.1060060781731385, -0.03469803885257399
-0.5885370003416781, 0.5011089499738018
0.08754504900413759, 0.563042258713345
-0.09293652697888441, -0.40661879102140497
-0.906126351520255, 1.3619128592812375
0.8737825237321009, 0.9432209297852451
-0.35326065154035297, -0.6130879438296483
0.15033874521456428, -0.2842027267185878
0.5785203459356806, 0.031092296580149014
-0.36914403947572144, -0.5662448573353462
1.2249877045707038, -0.5201638198993246
0.8834594065207961, -0.37165398694559176
-0.2819458380829694, 0.20602813899934258
0.16162269724537476, 0.43439739347253326
0.05115457058013008, -0.2813153430930582
0.6650137003622942, 0.5922112186751548
0.4447365587568829, 0.8248692282379378
0.6683548480595872, -1.313504844616607
1.1036607922149193, 0.6652170233826217
-0.3068945357865108, 0.2779084850581169
-1.4257332626709733, -0.6950351713045514
-0.775221967478252, -0.8414800242412606
0.9027014910474751, -0.19779409035065434
1.3289389917043806, 1.1217158733193524
-0.1150785424688945, 0.09892045352688666
-0.006163730456845659, 0.2656778007039088
-0.28040903934299655, 0.06969685486259632
-0.1954513519573087, -0.2152550072212857
-0.4118496590871965, 0.54403865840533
0.3276133269072841, 0.8966820472435096
-0.8017733974196997, 0.6459281541307158
-0.9301132019285122, 0.29295304196109645
0.6591117516795598, 0.22671825364131984
0.08643867370431714, -0.17643636916956476
0.016233118926291513, -1.2070104623411277
-0.37675570206768233, -0.3926932889986848
0.19637755434065815, -0.36602487197801337
-0.3272159291956154, -0.08192989641937101
1.1385814375799612, 0.28451936832813085
-0.7073559533090874, 0.09011543059960174
-0.48256838366878146, -0.07172165011927839
-0.09059062642687456, -0.27165685406749013
0.3883237703359981, 0.6228811062195514
-1.153623101182348, -0.7089270524717262
-0.6537719850329546, -0.08374772846059533
-0.5073060166407923, -0.8506775529553331
-0.5460924499174942, 1.6552128718944106
0.04858806969290296, -1.75350194298302
-0.9760686260454904, 0.00597149075283019
0.594719316898266, -0.3845695941625383
-0.1590631180147849, -0.26638508836106845
-0.28485209594164607, -1.1121482039859993
0.3640967808526307, 0.3690136589591023
0.13831362716266632, 1.0272025452181108
0.10334243940556902, 0.4841364472407492
0.8930284684421603, 1.4782478073235477
0.7347243400074421, 0.49689477811445987
-0.0897567216691519, 0.7882995287844958
-0.18340843517625757, 0.4703050474596651
-0.03763715425363494, 1.3971049879360304
0.29394550566505995, 0.05757936831784415
0.5032585202627428, -0.5733878365067182
-0.7751144867570466, -0.3880143866914804
-0.12646550292348677, 0.05474983170292411
0.9993118104000593, -0.1825968089256743
0.787635786634616, -0.23391602224941335
0.3000407488368326, 0.191707779580674
1.0345122323137876, -0.9745244917580593
-0.0963072943548046, -0.35829153209692743
0.41234984024007476, -0.8644822481603606
-0.08623269076451236, -0.747468595686751
0.42443150527408574, -0.2117113158687925
-0.2761584965522007, 0.4703229688202286
-0.1306735726992037, -0.05279875691669568
-0.6671811189940203, -0.3373866795378815
-0.24088492035167824, -0.8950153711291596
-0.3129445782174908, 0.38087272516733967
0.3142277492947557, -0.09729001042669672
0.1282758112391539, 0.7535688333728564
0.1268517381105562, -0.18486129531251305
-1.211948603741351, -0.23150337467176582
-0.19529979311986267, 0.13363339567334662
0.11088181421098375, -0.21617757863018622
-0.9139613070585533, -0.15787734622223368
-1.0589654340352166, 1.4688336964483972
1.327318721202505, -0.1691056601238908
0.8569921117656646, -0.6466115068579632
-0.02428174799098249, 0.6469710624572059
0.7193342581124011, -1.0062851428750295
-0.048922679060443855, -0.3474475981486308
-0.002279062197248352, 0.7780730736280694
-0.23794971069614224, -0.16090546406660036
0.38689378800174323, -0.3368712406244932
0.7166550791219773, -1.8927885731901442
1.0153312977370206, 0.3830799294254743
-0.519530681942264, 0.24546340660565677
-0.3093737890414384, -0.5699213897681097
0.04059596165134982, 0.3284439537751007
0.17827223943851145, 1.181259145196873
-1.3538956130178734, -2.083370565305866
0.5599827289906494, -1.4735236383147758
-0.3627169753276128, 0.44879306340164576
0.20298246752817684, -0.4405309673955104
-1.4083907594110203, 0.8035350582090417
0.23861941043795115, -0.5762529873797227
-0.13190519833330128, -1.4373760056669096
0.7338538130540815, -0.6274090755978688
-0.6439548184699349, 0.6731776698223155
-0.23647295029918403, 0.03798845385037194
0.6338235506243048, 0.5033234313098006
0.36242726359177274, 1.066801878989714
0.04839624728409086, 0.5353735587092784
0.6516845293175589, 0.25458361788528544
-0.038357269913667995, -0.48886824712397614
0.41971805812355195, -0.07413087854416736
-0.1897374776978092, 0.32104105194667165
0.8292855058874861, -0.17580419528693858
-0.19756007474938914, -1.2855197798122677
0.4383142781603391, -0.7577956326653441
-1.5874423462923066, -0.9603950431580722
-0.5295789378366073, -1.026171801828324
-1.6373034751530497, 0.23907489504828922
0.5125643296822391, -0.2704002770210301
0.05138177512898342, -0.15837722136193688
1.0987584456608723, 0.2415422710698616
0.39239691587541925, -0.45881197644772603
-0.08333262896303234, 0.02910096785215652
2.0022223291470684, 0.664478236846941
-0.9445588823113616, -0.6755789230719734
0.255003806789851, -0.20039274067321794
-0.3856736212852921, -0.4751241386654721
0.11772151550757516, -0.6648459472190495
-0.19334275134225848, -0.3470184070084963
0.10459768416548884, -0.4910401014407379
1.1829718507534701, -0.6597733421849383
-0.4578129268044597, -0.5430689473860616
0.45660401214567603, 1.256927804296689
-0.8385391498775617, 0.3966159046351074
-0.4219618862741917, -0.8364495224807321
1.2947244689121042, -0.1742408708532524
0.02428031260267564, 0.5505188806082375
-0.4010743614868455, 0.22214763823087721
0.7506777831016074, 0.22496705908550085
0.35572574405992874, 0.4362172205830794
-0.2266366193402658, 0.22415172102014264
-0.49227333027014536, 0.20501381435086757
-0.5850335491747118, 0.8655287052383452
0.4972786923788721, 0.026776168690727943
-0.6339117816372049, 0.5603471410252872
0.6940379897224458, -0.25990060183776587
-0.4001892232142312, 0.2554925966120396
-1.0665784915329293, -0.13352134762050968
0.12977882298641172, 0.012337282266670491
-0.22935378699787284, -0.4202393600965132
